CaseID,Age,Sex,Pregnant,HIV_Status,Temp_C,HR_bpm,BP,Pain_0_10,Symptoms,Risk_Factors,Notes,WHO_SyndromicDiagnosis,SynDx,WHO_Treatment
18,47,Female,No,Negative,36.8,80,1.0/?,5,Fever; Vaginal discharge; Dyspareunia,Age <25; Known partner with STI; Multiple partners,Thick yellowish discharge with odor,Pelvic Inflammatory Disease (PID) ,Pelvic Inflammatory Disease (PID) (Female),Ceftriaxone 500 mg IM once + Doxycycline 100 mg PO bid ×14 days + Metronidazole 500 mg PO bid ×14 days
24,47,Male,No,Negative,36.8,72,1.0/?,7,Testicular/scrotal pain/swelling; Dysuria (painful urination),Recent antibiotic use,"Unilateral scrotal swelling, tender to touch",Epididymo-orchitis ,"Epididymo-orchitis; GC/CT, enteric organisms",Ceftriaxone 500 mg IM once + Doxycycline 100 mg PO bid ×10–14 days
19,19,Female,No,Positive,36.8,110,1.0/?,4,Itching/burning; Genital ulcer(s); Inguinal swelling/tenderness,New partner in last 3 months; Multiple partners; Recent antibiotic use,Painful vesicular ulcers,"Inguinal bubo syndrome; LGV, chancroid","Inguinal bubo syndrome; LGV, chancroid",Benzathine Penicillin G 2.4 MU IM once + Acyclovir 400 mg PO tid ×7–10 days
17,50,Female,No,Negative,37,88,1.0/?,5,Dyspareunia; Vaginal discharge; Itching/burning,New partner in last 3 months; Recent antibiotic use; Multiple partners,Thick yellowish discharge with odor,Vaginal discharge syndrome ,"Vaginal discharge syndrome; GC/CT, Trichomonas, BV",Ceftriaxone 500 mg IM once + Doxycycline 100 mg PO bid ×7 days + Metronidazole 500 mg PO bid ×7 days
11,32,Male,No,Positive,37,104,1.0/?,2,Urethral discharge; Dysuria (painful urination),New partner in last 3 months; Unprotected sex,Clear mucoid discharge,Urethral discharge syndrome ,"Urethral discharge syndrome; Gonorrhea, Chlamydia",Ceftriaxone 500 mg IM once + Doxycycline 100 mg PO bid ×7 days
20,41,Female,Yes,Positive,37,104,1.0/?,6,Genital ulcer(s); Inguinal swelling/tenderness,Multiple partners; Unprotected sex,Painful vesicular ulcers,Inguinal bubo syndrome (suspected LGV),"Inguinal bubo syndrome; LGV, chancroid",Doxycycline 100 mg PO bid ×21 days
2,48,Female,No,Positive,37,110,1.0/?,7,Vaginal discharge; Itching/burning; Dyspareunia,Multiple partners,White curdy discharge,Vaginal discharge syndrome ,"Vaginal discharge syndrome; GC/CT, Trichomonas, BV",Ceftriaxone 500 mg IM once + Doxycycline 100 mg PO bid ×7 days + Metronidazole 500 mg PO bid ×7 days
1,17,Female,No,Unknown,37,80,1.0/?,7,Genital ulcer(s); Inguinal swelling/tenderness,New partner in last 3 months,Painful vesicular ulcers,Inguinal bubo syndrome (suspected LGV),"Inguinal bubo syndrome; LGV, chancroid",Doxycycline 100 mg PO bid ×21 days
9,19,Male,No,Unknown,37,110,1.0/?,3,Dysuria (painful urination); Itching/burning,Known partner with STI; Age <25; Unprotected sex,—,Urethral discharge syndrome ,"Urethral discharge syndrome; Gonorrhea, Chlamydia",Ceftriaxone 500 mg IM once + Doxycycline 100 mg PO bid ×7 days
12,23,Male,No,Negative,37.5,80,1.0/?,2,Urethral discharge; Dysuria (painful urination),Multiple partners; Recent antibiotic use; Known partner with STI,Purulent urethral discharge,Urethral discharge syndrome ,"Urethral discharge syndrome; Gonorrhea, Chlamydia",Ceftriaxone 500 mg IM once + Doxycycline 100 mg PO bid ×7 days
7,36,Male,No,Negative,37.5,72,1.0/?,3,Itching/burning; Dysuria (painful urination),Recent antibiotic use; Known partner with STI,—,Urethral discharge syndrome ,"Urethral discharge syndrome; Gonorrhea, Chlamydia",Ceftriaxone 500 mg IM once + Doxycycline 100 mg PO bid ×7 days
23,22,Male,No,Unknown,37.5,72,1.0/?,2,Genital ulcer(s); Inguinal swelling/tenderness,Multiple partners; Unprotected sex; Recent antibiotic use,Painless clean ulcer,Inguinal bubo syndrome (suspected LGV),"Inguinal bubo syndrome; LGV, chancroid",Doxycycline 100 mg PO bid ×21 days
22,32,Male,No,Unknown,37.5,72,1.0/?,3,Dysuria (painful urination),Recent antibiotic use; New partner in last 3 months,—,Epididymo-orchitis,Epididymo-orchitis (Male),Ceftriaxone 500 mg IM once + Doxycycline 100 mg PO bid ×10–14 days
3,37,Female,No,Unknown,37.5,72,2.0/?,2,Dyspareunia; Vaginal discharge,Known partner with STI; New partner in last 3 months,Thin frothy discharge,"Vaginal discharge syndrome; GC/CT, Trichomonas, BV","Vaginal discharge syndrome; GC/CT, Trichomonas, BV",Ceftriaxone 500 mg IM once + Doxycycline 100 mg PO bid ×14 days + Metronidazole 500 mg PO bid ×14 days
16,43,Male,No,Negative,38.2,96,1.0/?,5,Urethral discharge; Dysuria (painful urination),Multiple partners,Purulent urethral discharge,Urethral discharge syndrome ,"Urethral discharge syndrome; Gonorrhea, Chlamydia",Ceftriaxone 500 mg IM once + Doxycycline 100 mg PO bid ×7 days
6,31,Male,No,Unknown,38.2,96,1.0/?,4,Dysuria (painful urination),Multiple partners,—,Epididymo-orchitis ,Epididymo-orchitis (Male),Ceftriaxone 500 mg IM once + Doxycycline 100 mg PO bid ×10–14 days
25,44,Female,No,Negative,38.8,72,1.0/?,2,Inguinal swelling/tenderness; Genital ulcer(s),Multiple partners; New partner in last 3 months,Painless clean ulcer,"Inguinal bubo syndrome; LGV, chancroid","Inguinal bubo syndrome; LGV, chancroid",Benzathine Penicillin G 2.4 MU IM once + Acyclovir 400 mg PO tid ×7–10 days
8,32,Female,Yes,Positive,38.8,104,1.0/?,4,Dyspareunia; Itching/burning; Vaginal discharge; Intermenstrual bleeding,,Thin frothy discharge,Vaginal discharge syndrome ,"Vaginal discharge syndrome; GC/CT, Trichomonas, BV",Ceftriaxone 500 mg IM once + Doxycycline 100 mg PO bid ×7 days + Metronidazole 500 mg PO bid ×7 days
14,37,Male,No,Unknown,38.8,104,2.0/?,3,Urethral discharge; Itching/burning,Unprotected sex,Purulent urethral discharge,Urethral discharge syndrome ,"Urethral discharge syndrome; Gonorrhea, Chlamydia",Ceftriaxone 500 mg IM once + Doxycycline 100 mg PO bid ×7 days
5,22,Female,No,Negative,39.2,88,1.0/?,3,Dyspareunia; Itching/burning,Recent antibiotic use; New partner in last 3 months; Multiple partners,—,Vaginal discharge syndrome ,Vaginal discharge syndrome (Female),Ceftriaxone 500 mg IM once + Doxycycline 100 mg PO bid ×7 days + Metronidazole 500 mg PO bid ×7 days
15,31,Male,No,Negative,39.2,96,2.0/?,3,Testicular/scrotal pain/swelling; Dysuria (painful urination),New partner in last 3 months,"Unilateral scrotal swelling, tender to touch",Epididymo-orchitis ,"Epididymo-orchitis; GC/CT, enteric organisms",Ceftriaxone 500 mg IM once + Doxycycline 100 mg PO bid ×10–14 days
4,51,Male,No,Negative,39.2,104,1.0/?,8,Itching/burning; Urethral discharge,Unprotected sex,Purulent urethral discharge,Urethral discharge syndrome ,"Urethral discharge syndrome; Gonorrhea, Chlamydia",Ceftriaxone 500 mg IM once + Doxycycline 100 mg PO bid ×7 days
10,16,Male,No,Positive,39.2,72,1.0/?,7,Testicular/scrotal pain/swelling; Dysuria (painful urination),Known partner with STI,"Unilateral scrotal swelling, tender to touch",Epididymo-orchitis ,"Epididymo-orchitis; GC/CT, enteric organisms",Ceftriaxone 500 mg IM once + Doxycycline 100 mg PO bid ×10–14 days
21,24,Male,No,Positive,39.2,88,2.0/?,5,Inguinal swelling/tenderness; Genital ulcer(s),,Painful vesicular ulcers,"Inguinal bubo syndrome; LGV, chancroid","Inguinal bubo syndrome; LGV, chancroid",Benzathine Penicillin G 2.4 MU IM once + Acyclovir 400 mg PO tid ×7–10 days
13,29,Male,No,Positive,39.2,110,1.0/?,3,Itching/burning; Inguinal swelling/tenderness; Genital ulcer(s),Known partner with STI; New partner in last 3 months; Multiple partners,Painful vesicular ulcers,Genital ulcer disease,Genital ulcer disease,Benzathine Penicillin G 2.4 MU IM once + Acyclovir 400 mg PO tid ×7–10 days
